ID,name,age,createdAt,createdBy,modifiedAt,modifiedBy
31095808-3332-4834-a32f-9bb93d7d3fbf,name-31095808,0,2001-06-29T00:00:00.000Z,createdBy.iihog@example.com,2011-03-29T00:00:00.000Z,modifiedBy.iihog@example.net
12159307-fa0a-4ad4-a1c4-dd471619dd02,name-12159307,77,2005-01-02T00:00:00.000Z,createdBy.78m6j@example.org,2013-03-06T00:00:00.000Z,modifiedBy.78m6j@example.com
12159308-fed6-4c25-a357-2c48864fe6ae,name-12159308,15,2021-03-06T00:00:00.000Z,createdBy.78m6k@example.net,2001-10-23T00:00:00.000Z,modifiedBy.78m6k@example.com
12159309-f7de-4e57-95cb-0d734011eeaa,name-12159309,15,2013-11-30T00:00:00.000Z,createdBy.78m6l@example.com,2009-11-17T00:00:00.000Z,modifiedBy.78m6l@example.net
12159310-9626-48b2-82b7-324ddac926c6,name-12159310,82,2014-10-16T00:00:00.000Z,createdBy.78m6m@example.org,2016-01-04T00:00:00.000Z,modifiedBy.78m6m@example.net
12159311-adb7-4c30-b3b4-f052fe2d32a2,name-12159311,100,2011-05-03T00:00:00.000Z,createdBy.78m6n@example.org,2016-02-26T00:00:00.000Z,modifiedBy.78m6n@example.com
12159312-4fbc-4ccf-94c4-a05f1a87b055,name-12159312,29,2003-03-12T00:00:00.000Z,createdBy.78m6o@example.net,2007-03-06T00:00:00.000Z,modifiedBy.78m6o@example.org
12159313-c619-4c15-bdda-e94b0cad6dcd,name-12159313,9,2000-07-03T00:00:00.000Z,createdBy.78m6p@example.org,2021-12-28T00:00:00.000Z,modifiedBy.78m6p@example.com
12159314-9b80-455a-831d-ce0be639d082,name-12159314,19,2023-09-19T00:00:00.000Z,createdBy.78m6q@example.net,2003-07-11T00:00:00.000Z,modifiedBy.78m6q@example.net
12159315-18f0-4ed0-ac4f-171bfd4e7180,name-12159315,79,2009-07-19T00:00:00.000Z,createdBy.78m6r@example.com,2021-02-17T00:00:00.000Z,modifiedBy.78m6r@example.com
